{"cameraMode":{"drawMode":0,"name":"Shaded","section":"Shading Mode"},"sceneLighting":true,"audioPlay":false,"sceneViewState":{"m_AlwaysRefresh":false,"showFog":true,"showSkybox":true,"showFlares":true,"showImageEffects":true,"showParticleSystems":true,"showVisualEffectGraphs":true,"m_FxEnabled":true},"in2DMode":false,"pivot":{"x":-14.854663848876954,"y":492.7765808105469,"z":-5.4941301345825199},"rotation":{"x":0.12700366973876954,"y":-0.8026934266090393,"z":0.18350276350975038,"w":0.5535402894020081},"size":10.064491271972657,"orthographic":false}