{"cameraMode":{"drawMode":0,"name":"Shaded","section":"Shading Mode"},"sceneLighting":true,"audioPlay":false,"sceneViewState":{"m_AlwaysRefresh":false,"showFog":true,"showSkybox":true,"showFlares":true,"showImageEffects":true,"showParticleSystems":true,"showVisualEffectGraphs":true,"m_FxEnabled":true},"in2DMode":false,"pivot":{"x":13.462108612060547,"y":493.6000671386719,"z":-0.30153316259384158},"rotation":{"x":0.15542393922805787,"y":0.677562415599823,"z":-0.14977005124092103,"w":0.7034201622009277},"size":12.12435531616211,"orthographic":false}