{"cameraMode":{"drawMode":0,"name":"Shaded","section":"Shading Mode"},"sceneLighting":true,"audioPlay":false,"sceneViewState":{"m_AlwaysRefresh":false,"showFog":true,"showSkybox":true,"showFlares":true,"showImageEffects":true,"showParticleSystems":true,"showVisualEffectGraphs":true,"m_FxEnabled":true},"in2DMode":false,"pivot":{"x":0.28943637013435366,"y":1.5675464868545533,"z":0.1126447319984436},"rotation":{"x":0.12854988873004914,"y":-0.8128675818443298,"z":0.193125918507576,"w":0.5352561473846436},"size":1.308546543121338,"orthographic":false}