{"cameraMode":{"drawMode":0,"name":"Shaded","section":"Shading Mode"},"sceneLighting":true,"audioPlay":false,"sceneViewState":{"m_AlwaysRefresh":false,"showFog":true,"showSkybox":true,"showFlares":true,"showImageEffects":true,"showParticleSystems":true,"showVisualEffectGraphs":true,"m_FxEnabled":true},"in2DMode":false,"pivot":{"x":21.05297088623047,"y":2.7083616256713869,"z":1.0554213523864747},"rotation":{"x":0.03112068586051464,"y":-0.6864264607429504,"z":-0.028231583535671235,"w":-0.7267113924026489},"size":12.12435531616211,"orthographic":false}