{"cameraMode":{"drawMode":0,"name":"Shaded","section":"Shading Mode"},"sceneLighting":true,"audioPlay":false,"sceneViewState":{"m_AlwaysRefresh":false,"showFog":true,"showSkybox":true,"showFlares":true,"showImageEffects":true,"showParticleSystems":true,"showVisualEffectGraphs":true,"m_FxEnabled":true},"in2DMode":false,"pivot":{"x":556.530517578125,"y":1011.0689086914063,"z":-4.6331787109375},"rotation":{"x":0.24219034612178803,"y":0.0024180058389902117,"z":-0.0024715045001357795,"w":0.9707575440406799},"size":315.95416259765627,"orthographic":false}