{"cameraMode":{"drawMode":0,"name":"Shaded","section":"Shading Mode"},"sceneLighting":true,"audioPlay":false,"sceneViewState":{"m_AlwaysRefresh":false,"showFog":true,"showSkybox":true,"showFlares":true,"showImageEffects":true,"showParticleSystems":true,"showVisualEffectGraphs":true,"m_FxEnabled":true},"in2DMode":false,"pivot":{"x":-8.344158172607422,"y":188.4202117919922,"z":102.09135437011719},"rotation":{"x":-0.407965749502182,"y":-0.020025867968797685,"z":0.008868660777807236,"w":-0.9127852916717529},"size":1.4064685106277466,"orthographic":false}