{"cameraMode":{"drawMode":0,"name":"Shaded","section":"Shading Mode"},"sceneLighting":true,"audioPlay":false,"sceneViewState":{"m_AlwaysRefresh":false,"showFog":true,"showSkybox":true,"showFlares":true,"showImageEffects":true,"showParticleSystems":true,"showVisualEffectGraphs":true,"m_FxEnabled":true},"in2DMode":false,"pivot":{"x":7.564101219177246,"y":99.78199005126953,"z":161.7857666015625},"rotation":{"x":-0.27115917205810549,"y":0.038086872547864917,"z":-0.010803972370922566,"w":-0.9617617726325989},"size":61.91350555419922,"orthographic":false}