{"cameraMode":{"drawMode":0,"name":"Shaded","section":"Shading Mode"},"sceneLighting":true,"audioPlay":false,"sceneViewState":{"m_AlwaysRefresh":false,"showFog":true,"showSkybox":true,"showFlares":true,"showImageEffects":true,"showParticleSystems":true,"showVisualEffectGraphs":true,"m_FxEnabled":true},"in2DMode":false,"pivot":{"x":-36.48544692993164,"y":51.00304412841797,"z":157.50369262695313},"rotation":{"x":-0.014146446250379086,"y":-0.9844188690185547,"z":0.14908182621002198,"w":-0.09268594533205033},"size":1.2260797023773194,"orthographic":false}