{"cameraMode":{"drawMode":0,"name":"Shaded","section":"Shading Mode"},"sceneLighting":true,"audioPlay":false,"sceneViewState":{"m_AlwaysRefresh":false,"showFog":true,"showSkybox":true,"showFlares":true,"showImageEffects":true,"showParticleSystems":true,"showVisualEffectGraphs":true,"m_FxEnabled":true},"in2DMode":false,"pivot":{"x":-23.31448745727539,"y":121.10163879394531,"z":147.9508514404297},"rotation":{"x":-0.274258017539978,"y":0.002007903764024377,"z":-0.0006145965890027583,"w":-0.9616883397102356},"size":18.81551170349121,"orthographic":false}