{"cameraMode":{"drawMode":0,"name":"Shaded","section":"Shading Mode"},"sceneLighting":true,"audioPlay":false,"sceneViewState":{"m_AlwaysRefresh":false,"showFog":true,"showSkybox":false,"showFlares":true,"showImageEffects":true,"showParticleSystems":true,"showVisualEffectGraphs":true,"m_FxEnabled":true},"in2DMode":false,"pivot":{"x":-0.7799997329711914,"y":1.0799999237060547,"z":1.4600000381469727},"rotation":{"x":-0.12239360064268112,"y":0.8732085824012756,"z":-0.28338444232940676,"w":-0.3771372437477112},"size":12.12435531616211,"orthographic":false}